Creator,Created,Playlist Name,Share Code,Description
4BangerKovaaks,2025-07-29,"4BK - Smoothness Easy",KovaaKsChokingFlyInventory,"Meow."
4BangerKovaaks,2025-07-23,"4BK - Complete Beginner Playlist",KovaaKsAscendingGhostpeekedEntryfragger,"Watch Video: https://youtu.be/MPMUwzL-S3I    Made By 4BangerKovaaK's On YouTube."
4BangerKovaaks,2025-07-09,"4BK - Variety Conditioning (Switching)",KovaaKsNerfingZonedCatalyst,""
4BangerKovaaks,2025-07-09,"4BK - Variety Conditioning (Full)",KovaaKsMainingWide90s,""
4BangerKovaaks,2025-07-09,"4BK - Variety Conditioning (Tracking)",KovaaKsLosingWhiteClan,""
4BangerKovaaks,2025-07-05,"4BK - Variety Conditioning (VC - Valorant & CS2)",KovaaKsNamedroppingDinkedCheater,"60 min"
4BangerKovaaks,2025-05-17,"4BK - Guaranteed Smoothness Fix ",KovaaKsCrossfiring180Patrol,"If this helped you, you owe me a kiss.    If something is too hard (characterized by shaking, overreacting or missing your 'flick back', make it easier. Simply search the scenario name and enter ""easy, very easy or % for a slowed version)"
4BangerKovaaks,2025-01-09,"4BK - Fov Conditioning (Read Description)",KovaaKsDinkingMauveFragger,"Play the x2 scenario in 90ow  Play the x1 scenario in normal fov (103-120ow)    Experiment with removing sound for visual focus.    If this is too annoying, just slap 90fov and play.    Concept Playlist - Will be expanded on (100% maybe)"
4BangerKovaaks,2024-12-07,"                                         4BK FAR 3 - Day 7 - (Play x2)",KovaaKsStartingCharcoalgrayPatrol,"Fundamentals"
4BangerKovaaks,2024-12-07,"                                         4BK FAR 3 - Day 6 - (Play x2)",KovaaKsSnipingCharcoalgray1x1,"Surprise Factor & Smooth Reactive"
4BangerKovaaks,2024-12-07,"                                         4BK FAR 3 - Day 5 - (Play x2)",KovaaKsSneakingCeruleanCinematic,"Reflexes, Information & Punishments    Aimbeast Arena is DODGE, you move. Aim for the head to avoid dying."
4BangerKovaaks,2024-12-07,"                                         4BK FAR 3 - Day 4 - (Play x2)",KovaaKsSensingCapturedGamesense,"Speed Switching and Reactive"
4BangerKovaaks,2024-12-07,"                                         4BK FAR 3 - Day 3 - (Play x2)",KovaaKsScreamingCanaryPrism,"Underflicking & Anti Shakes"
4BangerKovaaks,2024-12-07,"                                         4BK FAR 3 - Day 2 - (Play x2)",KovaaKsRocketingCanaryArena,"Movement Reactive + Smoothness"
4BangerKovaaks,2024-12-07,"                                         4BK FAR 3 - Day 1 - (Play x2)",KovaaKsRoamingCamouflagedCrossfire,"Static & Dynamic"
4BangerKovaaks,2024-11-22,"4BK - Ultimate Fortnite Playlist (Play x2)",KovaaKsAscendingVibrantGhostpeeker,"26 x 2 = 52 min    Pokeball & TS = Hold down mouse 1    MOVE IN DODGE = you do MID TO LONG STRAFES    Made by 4BangerKovaaK's"
4BangerKovaaks,2024-09-24,"4BK - STS Benchmark 5",KovaaKsSneakingFantasticEquipment,"Focus on smoothness. Play 2-3x"
4BangerKovaaks,2024-09-24,"4BK - STS Benchmark 4",KovaaKsReloadingDynamicClan,"Focus on reactive. Play 2-3x"
4BangerKovaaks,2024-09-23,"4BK - STS Benchmark 3",KovaaKsPullingDiagonalCrucible,"Fundamentals,  focus on over & underflicking.    Play 2-3x"
4BangerKovaaks,2024-09-23,"4BK - STS Benchmark 2",KovaaKsPeekingCrackedStart,"Fundamentals, slight focus on flicking & clicking"
4BangerKovaaks,2024-09-23,"4BK - STS Benchmark 1",KovaaKsFlashingCanaryBrush,"Beginner Fundamentals"
4BangerKovaaks,2024-09-07,"4BK - Adaptive Playlist",KovaaKsBoomstickingCamouflagedJump,"Brand new adaptive scenarios, sick concept. But not a lot of good scenarios out there atm, here some of the best ones I found! - 4BK"
4BangerKovaaks,2024-08-15,"4BK - Guaranteed Reactive Fix (Play x3)",KovaaKsJigglepeekingButteryDps,"If this helped you, you owe me a kiss.    Not for beginners."
4BangerKovaaks,2024-08-01,"4BK - Surprise Factor 3",KovaaKsPushingCapturedMomentum,"Made By 4BangerKovaaK's! "
4BangerKovaaks,2024-08-01,"4BK - Surprise Factor 2",KovaaKsPullingCanaryTroll,"Made By 4BangerKovaaK's! "
4BangerKovaaks,2024-08-01,"4BK - Surprise Factor 1 ",KovaaKsPoppingCanaryCash,"Made By 4BangerKovaaK's! "
4BangerKovaaks,2024-07-07,"4BK DKP - Overwatch & Apex",KovaaKsPullingAcedChopper,"SYA cuh"
4BangerKovaaks,2024-07-07,"4BK DKP - CS2 & VAL",KovaaKsPopping10xFullbuy,"Revamped v2"
4BangerKovaaks,2024-07-07,"4BK DKP - COD & BF",KovaaKsPlundering360Precision,"Revamped 2024, 17 Dec"
4BangerKovaaks,2024-05-10,"4BK - Week 10",KovaaKsClippingStaticEntryfragger,""
4BangerKovaaks,2024-04-17,"Tammas test",KovaaKsBaiting180Antieco,""
4BangerKovaaks,2024-04-17,"Tammas Test",,""
4BangerKovaaks,2024-04-17,"For Kota 4 - 4BK",,""
4BangerKovaaks,2024-04-17,"For Kota 3 - 4BK",,""
4BangerKovaaks,2024-04-17,"For Kota 2 - 4BK",,""
4BangerKovaaks,2024-04-17,"For Kota 1 - 4BK",,""
4BangerKovaaks,2024-04-16,"For Boah 4 - 4BK",,""
4BangerKovaaks,2024-04-16,"For Boah 3 - 4BK",,""
4BangerKovaaks,2024-04-16,"For Boah 2 - 4BK",,""
4BangerKovaaks,2024-04-16,"For Boah 1 - 4BK",,""
4BangerKovaaks,2024-04-15,"For Banshee 2 - 4BK",,""
4BangerKovaaks,2024-04-15,"For Ninsei 4 - 4BK",,""
4BangerKovaaks,2024-04-15,"For Ninsei 3 - 4BK",,""
4BangerKovaaks,2024-04-15,"For Ninsei 2 - 4BK",,""
4BangerKovaaks,2024-04-15,"For Ninsei 1 - 4BK",,""
4BangerKovaaks,2024-04-14,"For Z - 4BK",,""
4BangerKovaaks,2024-04-12,"For K1ngWave - 4BK",,""
4BangerKovaaks,2024-04-12,"For Sushi - 4BK",,""
4BangerKovaaks,2024-04-09,"For AdoFan 4 - 4BK",KovaaKsGhostpeekingGoodFov,""
4BangerKovaaks,2024-03-06,"4BK - Reflexes & Punishments",KovaaKsDodgingLongFieldupgrade,"Great for Valorant, CSGO & made to help people who learn more and need that punishment to improve, push themselves and break plateaus.     1 hour long - Made By 4BK"
4BangerKovaaks,2024-03-05,"For Val 12 - 4BK",KovaaKsClippingJitteryRhombus,""
4BangerKovaaks,2024-03-05,"For Val 11 - 4BK",KovaaKsChokingInvincibleInventory,""
4BangerKovaaks,2024-02-06,"How To Get Better At Aiming According To Voltaic",KovaaKsPushingForestgreenBattlepass,""
4BangerKovaaks,2024-02-03,"4BK - ZTH Week 3",KovaaKsCrossfiringGhostpeekedScoutrifle,""
4BangerKovaaks,2024-02-03,"4BK - ZTH Week 2",KovaaKsCrankingGhostpeekedBlueberry,"Zero To Hero Routines Rules in Week 0 & 1  Speed Focus"
4BangerKovaaks,2024-02-03,"4BK - ZTH Week 1",KovaaKsCounterstrafingFuchsiaLamp,"Bardpill replay until 2 FULL RUNS has gone by    Static: 100% acc    Movement= MAIN VERY LONG/MID STRAFES    SMOOTH PATHING for POKEBALL focus on not over/underflicking    While Targetswitching(larger) should just be speed"
4BangerKovaaks,2024-02-03,"4BK - ZTH Week 0",KovaaKsClickingFraggedBuildbattle,"Bardpill replay until 2 FULL RUNS has gone by    Static: 100% acc    Movement= MAIN VERY LONG/MID STRAFES    SMOOTH PATHING for POKEBALL focus on not over/underflicking    While Targetswitching(larger) should just be speed"
4BangerKovaaks,2024-01-24,"New Playlist 8",KovaaKsEnragingHugeAdd,""
4BangerKovaaks,2023-11-30,"4BK - Snake Tracking",KovaaKsTimewarpingScarletOperator,"Copied ow_snakes most played scenarios, more runs = he's played it more OMEGALUL"
4BangerKovaaks,2023-11-29,"4BK - Snake ",KovaaKsGearingButteryClass,"Copied ow_snakes most played scenarios, more runs = he's played it more OMEGALUL"
4BangerKovaaks,2023-11-23,"4BK - Basics Grind",KovaaKsQuestingBaitedNightfall,""
4BangerKovaaks,2023-11-20,"4BK - Aimbot Routine Day 3",KovaaKsNamedroppingBuffedJump,"Evasive TS + Evasive Tracking"
4BangerKovaaks,2023-11-20,"4BK - Aimbot Routine Day 2",KovaaKsMountingBrownSpeed,"Speed + Reactive / Regen"
4BangerKovaaks,2023-11-20,"4BK - Aimbot Routine Day 1",KovaaKsMainingBrownBuff,"Accuracy + Smoothness"
4BangerKovaaks,2023-11-08,"4BK - Buy My Coaching If This Helped You (TS)",KovaaKsPatrollingCanaryBloom,"A copy of Viscose TS, yet shortened and adjusted some scenarios.    Made by 4BangerKovaaks"
4BangerKovaaks,2023-10-29,"4BK - SYA Smoothness",KovaaKsFinishingApricotShotgun,""
4BangerKovaaks,2023-10-29,"4BK - SYA Reactive",KovaaKsFeedingApricotBoundingbox,""
4BangerKovaaks,2023-10-29,"4BK - SYA Clicking Conditioning ",KovaaKsClippingJebaitedCrossfire,""
4BangerKovaaks,2023-10-29,"4BK - SYA Complete Technique",KovaaKsClickingInvincibleHell,""
4BangerKovaaks,2023-10-29,"4BK - SYA Tracking Conditioning",KovaaKsChattingHorizontalJump,""
4BangerKovaaks,2023-10-29,"4BK - SYA VT Conditioning",KovaaKsCamouflagingGooshedCapture,"S.Y.A Method  Made By 4BangerKovaaK's"
4BangerKovaaks,2023-10-18,"4BK Volgaic Smoothness",KovaaKsChokingAntiquebrassSkybot,""
4BangerKovaaks,2023-10-05,"4BK - CS2 - Valorant - One Tap Mashin",KovaaKsBaitingLongLostsector,"Made By 4BangerKovaaK's  Checkout my playlist github!    Revamped 2025-08-05"
4BangerKovaaks,2023-08-23,"Undertracking Heaven v2 - 4BK",KovaaKsDinkingExtraReflex,""
4BangerKovaaks,2023-08-17,"4BK - Beginner Fundamentals (Track Focus)",KovaaKsGearingChatfraggedTimewarp,""
4BangerKovaaks,2023-08-17,"4BK - Beginner Fundamentals (Click Focus)",KovaaKsFlashingCharcoalgrayFaq,"Bardpill replay until 2 FULL RUNS has gone by.    Movement= MAIN VERY LONG/MID STRAFES    SMOOTH PATHING for pokeball and static, focus on not over/underflicking.     While Targetswitching(larger) should just be speed.    50-60 Min - 4BK"
4BangerKovaaks,2023-08-17,"4BK - Super Beginner Fundamentals (Track Focus)",KovaaKsFlankingCeruleanOfftank,"Bardpill replay until 2 FULL RUNS has gone by.    Movement= MAIN VERY LONG/MID STRAFES    SMOOTH PATHING for pokeball and static, focus on not over/underflicking.     While Targetswitching(larger) should just be speed.    50-60 Min - 4BK"
4BangerKovaaks,2023-08-17,"4BK - Super Beginner Fundamentals (Click Focus)",KovaaKsFinishingCapturedXur,"Bardpill replay until 2 FULL RUNS has gone by.    Movement= MAIN VERY LONG/MID STRAFES    SMOOTH PATHING for pokeball and static, focus on not over/underflicking.     While Targetswitching(larger) should just be speed.    50-60 Min - 4BK"
4BangerKovaaks,2023-08-10,"4BK - Flick & Track",KovaaKsCapturing90Crossfire,""
4BangerKovaaks,2023-08-10,"4BK - Tracking Conditioning",KovaaKsBunnyhoppingWideDoor,"1 Hour or smth.    ""Hard"" Scenarios, followed by ""Easier"" Scenarios.    Made by 4BangerKovaaK's"
4BangerKovaaks,2023-08-10,"4BK - Static Conditioning",KovaaKsBuffingWhiteJump,"40 min.    HOLD DOWN MOUSE 1 ON POKEBALL AND TARGETSWITCHING !!!!!!!!!!!!!!!!!!!!!!!!!!!!!!!!!!!!!!!  Smooth pathing on pokeball, Targetswitching go for speed.    Meant to get you used to drawing clean lines.    Made by 4BangerKovaaK's"
4BangerKovaaks,2023-07-04,"4BK - Fundamental Warmup",KovaaKsHipfiringBuggedUlt,"20 min Basic  warmup    4BangerKovaaks"
4BangerKovaaks,2023-06-10,",4BK FAR - Day 7 Full (EZ)",KovaaKsStrafing90Rifle,"1h EASY VER  Static:4BClick Technique (finger off M1, confirm, click)  Bardpill scenarios = COMPLETE 2 MIN, BEFORE MOVING ON  Movement:DO EXTREMELY LONG STRAFES(switch when hit a wall / bot ded)  Pokeball: Smooth pathing (clean lines, slow)"
4BangerKovaaks,2023-06-10,",4BK FAR - Day 6 Reflexes + Tracking Gauntlets (EZ)",KovaaKsSneakingZonedDoor,"Do you like men? You'll like this playlist.  EASY VERSION  Each ""Gauntlet"" is roughly 2-4 minutes long depending on your skill level.  MOVEMENT = DO EXTREMELY LONG STRAFES  TARGETSWITCHING= HOLD DOWN MOUSE 1"
4BangerKovaaks,2023-06-10,",4BK FAR - Day 6 Reflexes + Tracking Gauntlets",KovaaKsSensingYellowJump,"Do you like men? You'll like this playlist  Each ""Gauntlet"" is roughly 2-4 minutes long depending on your skill level.  MOVEMENT = DO EXTREMELY LONG STRAFES  TARGETSWITCHING= HOLD DOWN MOUSE 1"
4BangerKovaaks,2023-06-10,",4BK FAR - Day 5 Dynamic + Smooth Reactive (EZ)",KovaaKsScreamingWideSpeed,"1h long EASY VERSION  Movement: DO EXTREMELY LONG STRAFES(switch when hit a wall / bot ded)"
4BangerKovaaks,2023-06-10,",4BK FAR - Day 4 Movement + Accurate TS (EZ)",KovaaKsRoamingWhiteEngram,"ONLY DO EXTREMELY LONG STRAFES  ONLY DO EXTREMELY LONG STRAFES  Fuck ur score & trust me hit a wall or bot dies = Switch direction    Hold down M1  SMOOTH PATHING on pokeball, slow CLEAN LINES.   LARGER BOTS = SPEED    - 4BK EASY VERSION"
4BangerKovaaks,2023-06-10,",4BK FAR - Day 3 Precision Track + Speed TS (EZ)",KovaaKsResettingWeeklyTimewarp,"64 min long EASY VERSION  Movement: DO EXTREMELY LONG STRAFES(switch when hit a wall / bot ded)  Speed TS: Go brainded, go fast"
4BangerKovaaks,2023-06-10,",4BK FAR - Day 2 Reactive Strafes + Static (EZ)",KovaaKsRaidingVividtangerineFaq,"1h long EASY VERSION  Static: 4BClick Technique (finger off M1, confirm, click)  Movement: DO EXTREMELY LONG STRAFES(switch when hit a wall / bot ded)  Pokeball: Smooth pathing (clean lines, slow)"
4BangerKovaaks,2023-06-10,",4BK FAR - Day 1 Flicking + Mouse Control",KovaaKsPushingVioletXur,"66 min long  Static: 4BClick Technique (finger off M1, confirm, click)  Bardpill scenarios = COMPLETE 2 MIN, BEFORE MOVING ON.  Pokeball: Smooth pathing (clean lines, slow) HOLD DOWN M1"
4BangerKovaaks,2023-06-10,"4BK - Tracking + Flicking Fundamentals",KovaaKsPerfectingGodlikeAttrition,"  Made by 4BangerKovaaks"
4BangerKovaaks,2023-05-28,"4BK x Trippez Gotta Go Fast 1",KovaaKsClickingSpringgreenReset,"Focus on very difficult reactive & great flicking accuracy. Made by 4BangerKovaaks & Trippez(Tracking part)"
4BangerKovaaks,2023-05-14,"4BK - Accuracy + Smoothness (PVP)",KovaaKsSwitchingStaticScoutrifle,""
4BangerKovaaks,2023-05-04,"4BK -  Unique Benchmarks",KovaaKsClearingBrightStart,"Welcome to the benchmark, that actually works your aim in game!  Play 1-3 times a week.    Movement Scenarios: HOLD A OR D, don't strafe until target dies / you hit a wall. Distance scoring NOT MBUS (Strafe scoring)."
4BangerKovaaks,2023-04-30,"4BK - Dodge These NUTS",KovaaKsNamedroppingJebaitedNightfall,"Just keep doing EXTREMELY long strafes, fuck ur scores & watch ur movement aim improve flawlessly - Made By 4BangerKovaaks"
4BangerKovaaks,2023-03-21,"4BK - Stop Overflicking You Pepega ASS",KovaaKsBobbingSalmonTroll,"Targetswitching (up to Firework Flick) Should be used freely. No technique, just move ur hand fast.     Pokeball, use smooth pathing. Meaning no over/underflicking and focus on slower, perfect lines.     HOLD DOWN M1 ON ALL    By -4BK"
4BangerKovaaks,2023-03-21,"4BK - Best Tracking Scenarios",KovaaKsBindingRockyOptic,"Made by 4BangerKovaaks"
4BangerKovaaks,2023-03-01,"UHHHHHH DANNYYYYYY",KovaaKsFlankingBurntsiennaClip,"fuck me dannyyyyyyyyyyyyyyyyyyyy w/ love from 4BK. 50 min playlist. Focused on easier versions of my favorite scenarios. Both strafe tracking, (dodge which is close mid AD), and precision tracking that focuses on targets farther away."
4BangerKovaaks,2023-03-01,"4BK - Fundemental Track",KovaaKsDunkingBrightSentinel,"Made by 4BangerKovaaks"
4BangerKovaaks,2023-03-01,"4BK - Anal beads 1$ each per bead",KovaaKsDroppingBrightBot,"Working the basics. RECOMMENDED THEME - BLACKOUT TECHNIQUE.  Made by 4BangerKovaaks"
4BangerKovaaks,2023-03-01,"4BK - Accuracy Track",KovaaKsDodgingBrickredDub,"Most people give out after failure, others. Just start trying harder.  Made by 4BangerKovaaks"
4BangerKovaaks,2023-02-14,"4BK - Strafes v2",KovaaKsResettingRandomEngram,"Made by 4BangerKovaaks"
4BangerKovaaks,2023-02-07,"4BK - Full Tracking Mastery",KovaaKsBunnyhoppingSkyblueCard,"AIO TRACKING  Made by 4BangerKovaaks"
4BangerKovaaks,2023-02-03,"4BK - Shorty Pants",KovaaKsDeathballingCapturedNightfall,"Made by 4BangerKovaaks"
4BangerKovaaks,2023-02-03,"4BK - Smooth Is Fast",KovaaKsDashingCanaryWeaponlevel,"Made by 4BangerKovaaks    Revamped to not be trash!    42 min long"
4BangerKovaaks,2023-02-03,"4BK - Recoil Smoothing",KovaaKsChokingBuggedDeserteagle,"Made by 4BangerKovaaks"
4BangerKovaaks,2023-02-01,"4BK - Static GOD",KovaaKsAcingBrightTank,"be a real Clicker  Made by 4BangerKovaaks"
4BangerKovaaks,2023-01-20,"4BK - Conditioning Playlist",KovaaKsRevolvingEggplantFamas,"FULL Conditioning Playlist  Made by 4BangerKovaaks"
4BangerKovaaks,2023-01-20,"4BK - Conditioning Playlist (VT)",KovaaKsResettingEasyOfficer,"Made by 4BangerKovaaks"
4BangerKovaaks,2023-01-20,"4BK - Become Zaddy (VT)",KovaaKsQuestingDownedFrag,"Made by 4BangerKovaaks"
4BangerKovaaks,2023-01-20,"4BK - Become Zaddy",KovaaKsPullingDinkedAimbot,"Made by 4BangerKovaaks"
4BangerKovaaks,2022-12-17,"4BK - Fire & Ice",KovaaKsWipingNastyAntieco,"Meant to bridge the gap between Smoothness & Reactive. Hard & Easy.   Made by 4BangerKovaaks"
4BangerKovaaks,2022-11-24,"4BK - Smooth Regen",KovaaKsCounterstrafingSaltyModifier,"Made by 4BangerKovaaks"
4BangerKovaaks,2022-11-23,"4BK - Zoom Track",KovaaKsFeedingTealPick,"USE FOV 70 - 35   Made by 4BangerKovaaks"
4BangerKovaaks,2022-10-31,"1-444444444444444",KovaaKsPushingFarEsc,"Regen Track routine  Made by 4BangerKovaaks"
4BangerKovaaks,2022-10-20,"Strafes v2",KovaaKsPatrollingVioletArmorshard,""
4BangerKovaaks,2022-10-07,"Huddled Static Dots",KovaaKsBindingTurquoiseRando,""
4BangerKovaaks,2022-10-07,"a1-kek3",KovaaKsBaitingTurquoiseBait,""
4BangerKovaaks,2022-10-07,"a1-kek2",KovaaKsBackflippingThinDiff,""
4BangerKovaaks,2022-10-07,"a1-kek1",KovaaKsAscendingTealImpact,""
4BangerKovaaks,2022-10-07,"1-44444444444444",KovaaKsLosingPeachEngram,"Targetclicking routine  Made by 4BangerKovaaks"
4BangerKovaaks,2022-08-20,"1-The One v2",KovaaKsTrollingNarrowRifle,"PLAY 103 OW AIO  Made by 4BangerKovaaks"
4BangerKovaaks,2022-08-19,"1-The One",KovaaKsCrackingExtraDoublexp,"MUST PLAY 103 OW, HIGHER FOVS DEFEAT PURPOSE OF THE PLAYLIST"
4BangerKovaaks,2022-07-09,"A guy",KovaaKsTrackingAcedWall,"AIO - Made by 4BangerKovaaks"
4BangerKovaaks,2022-05-03,"4BK - React(As much as possible) need work",KovaaKsSwitchingLavenderExitfragger,"For those who struggle to react at all or react to little to movement. This will shock tf outta your brain. 15min."
4BangerKovaaks,2022-05-03,"4BK - Pure Smoothness (Anti-Shaky) (needs work)",KovaaKsStrikingKnockedNerf,"Meant to help those who struggle with following a target thats moving in 1 direction. Might  help if you suffer from shaky aim, as a cooldown playlist.    Try rebinding ""FIRE"" to ""Spacebar"". 13min."
4BangerKovaaks,2022-05-03,"4BK - Corrective Flicking",KovaaKsScreamingJitteryClient,"(Revamped V3)  Meant to correct your flicking & get rid off bad habits using TS scenarios. Good for overall mousecontrol. Use alongside pokeball if you hate static.    16min.    Made by 4BangerKovaaks"
4BangerKovaaks,2022-05-03,"4BK - Accuracy + Flicking (40min)",KovaaKsRocketingJebaitedGhostpeeker,"Recommended for ALL games. Good for tacFPS.  Made by 4BangerKovaaks"
4BangerKovaaks,2022-04-23,"Viscose TS",KovaaKsDeathballingOlivegreenBottomfrag,"Made by 4BangerKovaaks"
4BangerKovaaks,2022-04-20,"4BangerKovaaks Val - CS",KovaaKsRevolvingBuffedSentinel,""
4BangerKovaaks,2022-03-31,"4-Reactive 4BangerKovaaks",KovaaKsTeleportingGoldenochrePlunder,""
4BangerKovaaks,2022-03-31,"3-4BangerKovaaks Smoothness",KovaaKsTaggingGoldenochreAfk,""
4BangerKovaaks,2022-03-31,"25-4BangerKovaaks - ridd evasive ts",KovaaKsSwitchingGodlikeClutch,""
4BangerKovaaks,2022-03-31,"2-4BangerKovaaks TargetSwitching",KovaaKsStrafingGhostpeekedRando,"Made by 4BangerKovaaks"
4BangerKovaaks,2022-03-31,"1-?4BangerKovaaksStatic (SPEED Edition)",KovaaKsStartingGhostpeekedBait,""
4BangerKovaaks,2022-03-31,"1-4BangerKovaaksStatic",KovaaKsSneakingFuchsiaImpact,"Made by 4BangerKovaaks"
4BangerKovaaks,2022-03-31,"a-GoatedPlaylist 4BangerKovaaks",KovaaKsSensingFraggedShard,"Made by 4BangerKovaaks"
4BangerKovaaks,2022-02-21,"a-PohaV3",KovaaKsGlidingRangedBloom,"- RECOMMENDED GOATED ROUTINE -  Made by 4BangerKovaaks"
4BangerKovaaks,2022-02-19,"kek3",KovaaKsAdventuringMediumOperator,""
4BangerKovaaks,2021-12-29,"kek2",KovaaKsChatfraggingCharcoalgrayBlueberry,""